<?xml version="1.0" encoding="UTF-8"?>
<project-private xmlns="http://www.netbeans.org/ns/project-private/1">
    <editor-bookmarks xmlns="http://www.netbeans.org/ns/editor-bookmarks/2" lastBookmarkId="0"/>
    <open-files xmlns="http://www.netbeans.org/ns/projectui-open-files/2">
        <group>
            <file>file:/C:/Users/AYMAN%20FOKEERBUX/Downloads/Group%2014%20Executable%20Program/lib/SDG13ClimateAction/src/sdg13climateaction/SDG13ClimateAction.java</file>
            <file>file:/C:/Users/AYMAN%20FOKEERBUX/Downloads/Group%2014%20Executable%20Program/lib/SDG13ClimateAction/src/appclass/userLogin.java</file>
            <file>file:/C:/Users/AYMAN%20FOKEERBUX/Downloads/Group%2014%20Executable%20Program/lib/SDG13ClimateAction/src/appclass/publicUser.java</file>
            <file>file:/C:/Users/AYMAN%20FOKEERBUX/Downloads/Group%2014%20Executable%20Program/lib/SDG13ClimateAction/src/appclass/ClimateAwarenessBlog.java</file>
        </group>
    </open-files>
</project-private>
